{
  "ncoeffs": 488,
  "order": 10,
  "sigma": [
    1728.7866651323675,
    144.9837328398595,
    144.98373283985933,
    144.98373283985836,
    28.861997715859925,
    28.861997715859918,
    28.86199771585971,
    20.96767794119602,
    20.96767794119595,
    8.090442605243895,
    6.062150834000317,
    6.06215083400031,
    6.062150834000296,
    5.618891900419197,
    5.618891900419142,
    5.618891900419108,
    2.217607605125365,
    2.070318994561908,
    2.0703189945618985,
    2.07031899456187,
    1.5540474600461849,
    1.5540474600461796,
    1.5540474600461693,
    1.4461630716532343,
    1.4461630716532174,
    0.6659317229943158,
    0.665931722994279,
    0.6659317229942547,
    0.6440044183775063,
    0.6440044183774977,
    0.5270947698383293,
    0.5270947698383125,
    0.5270947698383056,
    0.4163102247619164,
    0.4163102247619091,
    0.416310224761894,
    0.27353088843025264,
    0.2735308884302367,
    0.2735308884302311,
    0.1836156356052123,
    0.18361563560520722,
    0.18361563560519759,
    0.17230811802037066,
    0.15709793254552887,
    0.15709793254552232,
    0.15709793254551882,
    0.1495263617918129,
    0.14952636179179316,
    0.1285627782967013,
    0.11391860179955893,
    0.07640560095923665,
    0.07640560095922928,
    0.07640560095922472,
    0.06358777552340031,
    0.06358777552338934,
    0.06358777552338622,
    0.05855456043914574,
    0.05855456043914113,
    0.05464060930275871,
    0.05464060930275447,
    0.05464060930275094,
    0.045713038545442494,
    0.04571303854543849,
    0.0457130385454366,
    0.0379282408055761,
    0.037928240805568,
    0.03792824080556719,
    0.02824195842288946,
    0.025017591562501065,
    0.025017591562499487,
    0.01991133535096875,
    0.01991133535096734,
    0.019911335350965762,
    0.019538507033329974,
    0.019538507033327282,
    0.019538507033323438,
    0.01800573450159455,
    0.018005734501593217,
    0.014551227803647256,
    0.014551227803640996,
    0.014551227803638347,
    0.014377245033410986,
    0.014377245033410774,
    0.014377245033403357,
    0.00978378271270862,
    0.009783782712705125,
    0.007781479118720047,
    0.007781479118716426,
    0.007781479118715524,
    0.007349324566392799,
    0.006882476780744552,
    0.006882476780743375,
    0.006882476780741973,
    0.006206878148270521,
    0.006206878148268006,
    0.0062068781482667885,
    0.0058634359486711245,
    0.005757314969748103,
    0.005757314969744577,
    0.005757314969741753,
    0.005373142532189102,
    0.0041967876025102175,
    0.004196787602507105,
    0.004196787602501573,
    0.004034100913046592,
    0.004034100913044933,
    0.004034100913044739,
    0.00264166371946115,
    0.002641663719458353,
    0.002641663719457612,
    0.0024094685945917522,
    0.0024094685945911026,
    0.0024094685945892065,
    0.002403388963311572,
    0.0024033889633099147,
    0.0020187342893672,
    0.002018734289361405,
    0.002015707322378264,
    0.001990918478550267,
    0.0019909184785477894,
    0.0019909184785458834,
    0.0017475137646593799,
    0.0017475137646574784,
    0.0017475137646562975,
    0.0016717579825816504,
    0.0013774595601150383,
    0.0013774595601134722,
    0.0012571539762918403,
    0.0012571539762908444,
    0.0012571539762804896,
    0.0009171934710572146,
    0.0009171934710556394,
    0.0009171934710552065,
    0.0008152323724617161,
    0.0008152323724591742,
    0.0008152323724544105,
    0.0007443401757712921,
    0.0007443401757706072,
    0.000725422148306939,
    0.0007254221483053959,
    0.0007254221483042049,
    0.0007059058067820795,
    0.0007059058067818435,
    0.0007059058067796418,
    0.0006728846169859258,
    0.0006728846169829507,
    0.0006728846169807897,
    0.000578204220632704,
    0.0005782042206318071,
    0.0005782042206240092,
    0.0005182950884696278,
    0.0005182950884649757,
    0.00039327410644815134,
    0.0003868065366298994,
    0.0003868065366294308,
    0.00038680653662860343,
    0.0003543914964457539,
    0.00030126333687600297,
    0.0003012633368742368,
    0.0002888093007033,
    0.00028880930070201283,
    0.0002888093007011967,
    0.0002676470676815752,
    0.0002605892473220246,
    0.0002605892473209444,
    0.00026058924732039873,
    0.0002495439107389845,
    0.00024954391073767524,
    0.00024954391073034484,
    0.00022818039189728402,
    0.00022292125386216577,
    0.00022292125386004714,
    0.00022292125385852077,
    0.0001989937900093088,
    0.00019899379000876976,
    0.00019899379000650762,
    0.00016301308855070802,
    0.00016301308854972126,
    0.00015745970551812725,
    0.00015745970551635623,
    0.00015745970551483827,
    0.00012216545455197707,
    0.000122165454551775,
    0.000122165454550201,
    0.00010680343866769581,
    0.00010591335474011925,
    0.000098032564681376,
    0.00009803256467837872,
    0.00009803256467739326,
    0.00009533235323033736,
    0.00009533235322942973,
    0.00008718986462591373,
    0.00008718986462458218,
    0.00008718986462352555,
    0.00008334454301498493,
    0.00008334454301406056,
    0.000083344543012023,
    0.00008264206341449096,
    0.00008264206341401266,
    0.00008264206341366753,
    0.00007529714856719684,
    0.000075297148566394,
    0.00007529714856514808,
    0.00006706045250475459,
    0.00006706045250276652,
    0.0000651718772124683,
    0.00006517187721162847,
    0.00006517187720797984,
    0.000043870097308032134,
    0.0000438700973071224,
    0.00004387009730479539,
    0.00004372706638074281,
    0.000043727066378188444,
    0.00004372706637777486,
    0.000040197314531007096,
    0.00004019731453073491,
    0.000040197314529249056,
    0.00003473379344672184,
    0.0000347337934458294,
    0.00003432482722726748,
    0.00003340671419330506,
    0.00003340671419282734,
    0.00003340671419111237,
    0.000029973046900080363,
    0.000029973046898919792,
    0.000029973046898054107,
    0.000028567752787438108,
    0.000028567752785853448,
    0.000028094585339638195,
    0.000028094585339427728,
    0.00002809458533908799,
    0.00002313404966005256,
    0.0000231340496561707,
    0.000020199212351349806,
    0.000019567040736452678,
    0.000019567040735880575,
    0.000019567040732584366,
    0.000019490244593591056,
    0.00001949024459319105,
    0.000017815134395473823,
    0.000015001529380587276,
    0.000015001529379668681,
    0.000015001529378859219,
    0.000013267571927207159,
    0.000013267571927031466,
    0.000013267571926231258,
    0.000013177412565016597,
    0.000012926060448611922,
    0.000012926060447798649,
    0.000012926060447454127,
    0.000010999892022314394,
    0.000010999892021688217,
    0.00001099989202096769,
    0.000010342582688383936,
    0.000010342582687707872,
    0.000010342582687013377,
    9.716890981373163e-6,
    9.716890981020945e-6,
    9.716890980073537e-6,
    9.56313446537644e-6,
    9.563134465147453e-6,
    9.563134464510381e-6,
    8.911532030920321e-6,
    8.911532030386687e-6,
    8.91153202841473e-6,
    8.853943005413548e-6,
    8.076990126633384e-6,
    8.076990125727135e-6,
    7.005583218315254e-6,
    7.005583217171616e-6,
    7.005583216804365e-6,
    5.684324579804883e-6,
    5.579120433078729e-6,
    5.579120432809588e-6,
    5.57912043219035e-6,
    5.428243503559101e-6,
    5.256435079795328e-6,
    5.256435079737426e-6,
    5.256435079336627e-6,
    4.832630290549687e-6,
    4.83263029044884e-6,
    4.488477251036578e-6,
    4.131738619639545e-6,
    4.131738619517101e-6,
    4.131738618618809e-6,
    4.117500427967799e-6,
    4.117500427447767e-6,
    4.117500427343885e-6,
    3.979270159697986e-6,
    3.979270159583075e-6,
    3.529093178583805e-6,
    3.52909317843545e-6,
    3.529093177457042e-6,
    3.373398071845552e-6,
    3.3733980716431784e-6,
    3.373398071152519e-6,
    3.0685199044450295e-6,
    3.0685199040611864e-6,
    2.6282052699774032e-6,
    2.628205269591404e-6,
    2.6282052691879922e-6,
