{
  "ncoeffs": 602,
  "order": 11,
  "sigma": [
    2132.335131604801,
    178.5870185247357,
    178.5870185247349,
    178.5870185247348,
    35.45466390532729,
    35.45466390532725,
    35.454663905326754,
    25.825061265332163,
    25.825061265332003,
    9.897007343565107,
    7.43803091381583,
    7.438030913815785,
    7.438030913815548,
    6.899926820702673,
    6.899926820702575,
    6.899926820702568,
    2.702760240861818,
    2.5278798014001405,
    2.5278798014001396,
    2.527879801400092,
    1.910672905132741,
    1.9106729051326987,
    1.9106729051326354,
    1.770381172213442,
    1.770381172213382,
    0.8110979132593807,
    0.8110979132593399,
    0.8110979132593137,
    0.7871508256302915,
    0.7871508256302735,
    0.6422859827311732,
    0.6422859827311583,
    0.6422859827311337,
    0.510932288390484,
    0.5109322883904654,
    0.5109322883904625,
    0.3310905189792326,
    0.33109051897921055,
    0.33109051897919173,
    0.22352688857346797,
    0.22352688857346767,
    0.22352688857346079,
    0.20855811426202556,
    0.19169789432980944,
    0.1916978943298089,
    0.19169789432979473,
    0.18405263126584406,
    0.18405263126582008,
    0.15401680753635663,
    0.14079059446734327,
    0.09319564141201357,
    0.09319564141200644,
    0.09319564141198416,
    0.07723777635641009,
    0.07723777635639555,
    0.07723777635638701,
    0.07121148449543628,
    0.07121148449543287,
    0.06638973637187984,
    0.06638973637186735,
    0.06638973637186688,
    0.056099337628942696,
    0.05609933762894179,
    0.05609933762893759,
    0.045692520158692004,
    0.04569252015868607,
    0.045692520158676204,
    0.03377763474934376,
    0.030318699759667216,
    0.030318699759660037,
    0.024064275410583803,
    0.024064275410580982,
    0.024064275410579993,
    0.02401483500739538,
    0.02401483500739489,
    0.024014835007391957,
    0.0219079071978643,
    0.021907907197862054,
    0.018023245349066335,
    0.018023245349060895,
    0.018023245349052062,
    0.01723029807257609,
    0.01723029807257478,
    0.01723029807256874,
    0.012037844890811503,
    0.012037844890804016,
    0.00949684444966236,
    0.009496844449656112,
    0.00949684444965226,
    0.008785856541432241,
    0.008376280149831354,
    0.008376280149829026,
    0.008376280149827211,
    0.0075796402433716695,
    0.007579640243367833,
    0.007579640243366802,
    0.007075959459934611,
    0.00707595945993242,
    0.007075959459926378,
    0.006979794484149501,
    0.006702673088372342,
    0.005092803638112995,
    0.005092803638104774,
    0.0050928036380998,
    0.004911542101413238,
    0.004911542101410758,
    0.0049115421014095705,
    0.0031948769443457523,
    0.003194876944345213,
    0.003194876944344708,
    0.002945705756135511,
    0.002945705756135341,
    0.0029056143606477846,
    0.002905614360646272,
    0.0029056143606420973,
    0.00252985268726414,
    0.0025298526872588514,
    0.00247284851672996,
    0.0024728485167264972,
    0.0024728485167231583,
    0.002389753954858254,
    0.002126874629764151,
    0.0021120036580216843,
    0.002112003658020479,
    0.0021120036580174304,
    0.0016721965950803766,
    0.0016721965950778068,
    0.0015710778174917105,
    0.001571077817485861,
    0.0015710778174829955,
    0.001101332858544634,
    0.0011013328585435843,
    0.0011013328585405488,
    0.0010141670690438245,
    0.0010141670690408462,
    0.0010141670690385568,
    0.0009127161176078378,
    0.0009127161176069249,
    0.0009090193169448709,
    0.0009090193169428491,
    0.0009090193169396145,
    0.000879929252149046,
    0.0008799292521470579,
    0.0008799292521453747,
    0.0008117159168225348,
    0.0008117159168199528,
    0.0008117159168180461,
    0.0007042220764388043,
    0.0007042220764324318,
    0.0007042220764296665,
    0.0006463905931705537,
    0.0006463905931683601,
    0.0004884025642762189,
    0.0004884025642758412,
    0.0004884025642726137,
    0.0004672612103259592,
    0.0004265772500850945,
    0.00036808641254207233,
    0.00036808641253853594,
    0.00035239869493621596,
    0.0003523986949344499,
    0.0003523986949340245,
    0.0003227824937126458,
    0.0003227824937114305,
    0.00032278249370979687,
    0.0003185988916263612,
    0.00030275438687800074,
    0.0003027543868722775,
    0.00030275438687135897,
    0.0002933234079363211,
    0.0002933234079337536,
    0.00029332340793108183,
    0.00029273870284582,
    0.00024618146458986755,
    0.00024618146458849115,
    0.000246181464587071,
    0.00021246466447443448,
    0.00021246466447120933,
    0.00019657861639266644,
    0.0001965786163885708,
    0.00019657861638801416,
    0.0001482990156997099,
    0.0001482990156991118,
    0.0001482990156955912,
    0.00014219401999989004,
    0.0001266536990683576,
    0.0001241988922598152,
    0.0001241988922594252,
    0.00012419889225587493,
    0.00011796596045652211,
    0.0001179659604552586,
    0.00011282585225939349,
    0.00011282585225878723,
    0.0001128258522585948,
    0.00010555236245381592,
    0.00010555236245345,
    0.00010555236245196389,
    0.00010232677879414795,
    0.00010232677879226344,
    0.00010232677879205364,
    0.00009644297390422442,
    0.00009644297390372852,
    0.00009644297389929804,
    0.00008316678515097503,
    0.0000831667851480939,
    0.00008289172786526122,
    0.00008289172786091473,
    0.000082891727859572,
    0.00005764934339502984,
    0.000057649343394410465,
    0.000057649343392744954,
    0.00005383956889099111,
    0.000053839568888494835,
    0.0000538395688872835,
    0.00004966663628877102,
    0.000049666636287449076,
    0.000049666636286787265,
    0.000043528140211957185,
    0.000043528140210882286,
    0.00004196567663211323,
    0.00004174694756024062,
    0.00004174694755986173,
    0.00004174694755553522,
    0.00003689935972403792,
    0.00003689935972306519,
    0.000036899359722325536,
    0.00003646884438381028,
    0.00003646884438106845,
    0.00003643292807211864,
    0.00003643292807151994,
    0.000036432928071149004,
    0.00003316249196888885,
    0.00003316249196717851,
    0.00002933847675741931,
    0.000026560152137201105,
    0.00002656015213557134,
    0.000026560152132791333,
    0.000025004841268737703,
    0.000025004841267901116,
    0.00002129664363526415,
    0.00002050223536603052,
    0.000020502235364964942,
    0.000020502235362373252,
    0.00001654197727539376,
    0.0000165419772751413,
    0.000016541977273031234,
    0.00001646787739406712,
    0.000016467877393285528,
    0.000016467877392695614,
    0.000015828022993472833,
    0.000014838798358977055,
    0.000014838798355018803,
    0.000014838798354297111,
    0.000013707407876055179,
    0.00001370740787548327,
    0.000013707407874545329,
    0.000013582688590441812,
    0.00001358268858929285,
    0.000013582688589047398,
    0.000012331498707138736,
    0.0000123314987067493,
    0.000012331498705611916,
    0.00001207554741301256,
    0.000012072146012283375,
    0.000012072146009038988,
    0.000012072146008149912,
    0.000011459643993165464,
    0.000011459643992729366,
    9.115618116627789e-6,
    9.11561811556809e-6,
    9.115618114093189e-6,
    7.877021065960102e-6,
    7.877021062044757e-6,
    7.877021061180285e-6,
    7.5376482947798375e-6,
    6.664206307948413e-6,
    6.6053567680451775e-6,
    6.5710813365886215e-6,
    6.571081336118444e-6,
    6.5710813358954005e-6,
    6.504994730253075e-6,
    6.504994727985625e-6,
    5.5471230486098785e-6,
    5.5471230441649876e-6,
    5.547123042171546e-6,
    5.233840255979813e-6,
    5.23384025534616e-6,
    5.233840254615237e-6,
    5.13816929007176e-6,
    5.138169289748473e-6,
    4.88645316269469e-6,
    4.886453161578751e-6,
    4.886453160120704e-6,
    4.568901857878638e-6,
    4.568901857682354e-6,
    4.568901857353964e-6,
    4.01559414726048e-6,
    4.015594146928866e-6,
    3.653633304725525e-6,
    3.653633303162321e-6,
