{
  "ncoeffs": 26,
  "order": 3,
  "sigma": [
    92.28541711517626,
    8.674366215046685,
    8.674366215046666,
    8.674366215046662,
    2.088141279725746,
    2.0881412797257375,
    2.0881412797257286,
    1.200290425805689,
    1.200290425805683,
    0.7404638536688753,
    0.4353848176510771,
    0.4353848176510767,
    0.4353848176510766,
    0.374361725771291,
    0.37436172577129057,
    0.37436172577128873,
    0.22540653250665652,
    0.18530521003801334,
    0.18530521003801287,
    0.18530521003801245,
    0.10594506472617175,
    0.10594506472617153,
    0.05271045769381198,
    0.05271045769381173,
    0.05271045769381171,
    0.020134622939785803
  ]
}
