{
  "ncoeffs": 56,
  "order": 4,
  "sigma": [
    198.5548281344417,
    17.545077633325857,
    17.54507763332585,
    17.545077633325814,
    3.8439823222063385,
    3.8439823222063376,
    3.8439823222063305,
    2.5210520886251087,
    2.521052088625103,
    1.2264537746851012,
    0.8238610725474559,
    0.8238610725474518,
    0.8238610725474458,
    0.7389425086830175,
    0.7389425086830144,
    0.738942508683012,
    0.3643853617372,
    0.3206748949436071,
    0.3206748949436049,
    0.3206748949436015,
    0.2038828399531885,
    0.20388283995318765,
    0.17679392463666493,
    0.17679392463666022,
    0.17679392463665888,
    0.10183163973164366,
    0.10183163973164236,
    0.1018316397316405,
    0.08503130857143175,
    0.08503130857143006,
    0.07961789717176161,
    0.07961789717175918,
    0.07961789717175916,
    0.04712058807382121,
    0.04712058807382102,
    0.047120588073818304,
    0.046736370044668366,
    0.04673637004466728,
    0.04673637004466651,
    0.03134119368579297,
    0.027170326694616134,
    0.02569496264228943,
    0.025694962642288578,
    0.025694962642288075,
    0.019571778419369676,
    0.019571778419369603,
    0.0195717784193679,
    0.009354005093452028,
    0.009354005093450473,
    0.009354005093450102,
    0.007352892829174089,
    0.007352892829173597,
    0.003193418078688319,
    0.0031934180786882638,
    0.003193418078687931,
    0.0013702384059912848
  ]
}
