{
  "ncoeffs": 98,
  "order": 5,
  "sigma": [
    347.3283391691469,
    29.941920146338383,
    29.94192014633833,
    29.941920146338305,
    6.283660708411278,
    6.2836607084112615,
    6.283660708411259,
    4.326367405858413,
    4.326367405858393,
    1.8985966530889673,
    1.34164132361012,
    1.3416413236101132,
    1.3416413236101072,
    1.2224223814801805,
    1.2224223814801687,
    1.2224223814801611,
    0.5492668519018685,
    0.49628679639112006,
    0.4962867963911029,
    0.49628679639109946,
    0.3295034585698779,
    0.32950345856987756,
    0.3216954637138979,
    0.3216954637138911,
    0.3216954637138889,
    0.16179247967480384,
    0.1617924796748002,
    0.16179247967479032,
    0.1462380632847229,
    0.14623806328471836,
    0.1275870820235976,
    0.12758708202359392,
    0.12758708202358873,
    0.0871434053757336,
    0.08714340537573052,
    0.08714340537572857,
    0.07219898258124727,
    0.07219898258124133,
    0.07219898258123966,
    0.04611696250724425,
    0.04358652889905613,
    0.04358652889905301,
    0.04358652889905015,
    0.038908760823259066,
    0.0352997878655343,
    0.03529978786553086,
    0.03529978786552957,
    0.02575886101415972,
    0.02575886101415918,
    0.01824250027465274,
    0.01540453727038081,
    0.01540453727037888,
    0.015404537270376755,
    0.015160175425188832,
    0.015160175425187801,
    0.015160175425185706,
    0.013485478605526974,
    0.013485478605524433,
    0.011587993228890994,
    0.011587993228889645,
    0.011587993228888609,
    0.009041291038223685,
    0.009041291038220664,
    0.00904129103821968,
    0.008047238303772268,
    0.008047238303769855,
    0.008047238303769688,
    0.007700175974848617,
    0.005440749034415302,
    0.0054407490344139855,
    0.005105990847817329,
    0.005105990847816392,
    0.005105990847815801,
    0.0035705943443137948,
    0.0035705943443117842,
    0.003515537765396851,
    0.0035155377653956154,
    0.0035155377653953057,
    0.002984976205416919,
    0.0029849762054167126,
    0.0029849762054162104,
    0.0021322337367949192,
    0.0015805814479169001,
    0.001351329935872842,
    0.0013513299358724356,
    0.0013513299358719382,
    0.0011207093729680316,
    0.0011207093729673206,
    0.0011207093729667663,
    0.0005831132260925856,
    0.0005831132260917082,
    0.0005831132260916882,
    0.0003783506226048258,
    0.00037835062260445335,
    0.0001938690258389633,
    0.00019386902583887655,
    0.0001938690258385047,
    0.00009134639825815165
  ]
}
