{
  "ncoeffs": 152,
  "order": 6,
  "sigma": [
    538.6075692188325,
    45.87371123152168,
    45.87371123152146,
    45.873711231521305,
    9.413224810121754,
    9.41322481012171,
    9.41322481012167,
    6.635347973593884,
    6.6353479735938805,
    2.7583461934523004,
    1.9989330890823582,
    1.998933089082342,
    1.99893308908234,
    1.835084132517005,
    1.8350841325169998,
    1.835084132516991,
    0.782667365398525,
    0.7168033240857686,
    0.7168033240857565,
    0.7168033240857465,
    0.49657118393951266,
    0.49657118393950783,
    0.4965711839395046,
    0.4863947521300528,
    0.48639475213005007,
    0.23399151208728197,
    0.2339915120872723,
    0.23399151208726882,
    0.21792442897092623,
    0.21792442897091963,
    0.1846841002198411,
    0.1846841002198369,
    0.18468410021982942,
    0.1345358814141564,
    0.13453588141415293,
    0.1345358814141513,
    0.10149954341614163,
    0.10149954341614054,
    0.10149954341613909,
    0.06420047576679429,
    0.06410910440130163,
    0.06410910440129891,
    0.06410910440129619,
    0.053279611705183375,
    0.05327961170518053,
    0.05327961170517944,
    0.052106306488582624,
    0.04497380170146527,
    0.044973801701462805,
    0.03284008742382952,
    0.025041450133544783,
    0.025041450133543343,
    0.025041450133541022,
    0.022468314974327816,
    0.022468314974324048,
    0.02246831497432161,
    0.020285576489279485,
    0.020285576489276886,
    0.018647799440983708,
    0.018647799440979045,
    0.01864779944097812,
    0.014002726939725034,
    0.014002726939722035,
    0.014002726939719748,
    0.013891750521771657,
    0.013891750521768274,
    0.013891750521766484,
    0.011187690426054418,
    0.008663530255161514,
    0.00866353025516054,
    0.007396831135510801,
    0.007396831135509973,
    0.007396831135509005,
    0.005945695823021406,
    0.005945695823019462,
    0.005579435053717496,
    0.005579435053715735,
    0.005579435053713429,
    0.005410698206843955,
    0.005410698206842868,
    0.00541069820684153,
    0.0034791310532393286,
    0.0034791310532379604,
    0.003479131053236121,
    0.0029431951871480844,
    0.002436835180413308,
    0.0024368351804125083,
    0.0023364454728396454,
    0.0022639253031075993,
    0.00226392530310689,
    0.002263925303105583,
    0.0021850675751773556,
    0.002185067575176187,
    0.0021850675751749794,
    0.0018760289688865108,
    0.0018760289688853696,
    0.0018760289688845363,
    0.0014299573217915304,
    0.0014299573217912097,
    0.001429957321790724,
    0.0012344763542161499,
    0.0012344763542158068,
    0.0012344763542135606,
    0.0011561173282469848,
    0.0011033409251848569,
    0.0011033409251842985,
    0.0011033409251831367,
    0.0009064327523200987,
    0.0009064327523185242,
    0.00090643275231708,
    0.0007246425739291216,
    0.0007220441812763042,
    0.0007220441812745222,
    0.0007076508855303666,
    0.0007076508855294989,
    0.0007076508855285978,
    0.0005113419825274408,
    0.0005113419825264423,
    0.0005113419825258773,
    0.0004406759218015868,
    0.0004406759218002451,
    0.00044067592179945574,
    0.00038737755051985453,
    0.0003873775505187275,
    0.0003161528224800391,
    0.0003161528224794014,
    0.00031615282247908223,
    0.00019626519294180128,
    0.00019626519294174856,
    0.0001962651929408053,
    0.00018789321861078883,
    0.0001878932186094739,
    0.00014851791623139146,
    0.00014586341912672503,
    0.00014586341912640351,
    0.00014586341912540242,
    0.00008943913792709743,
    0.00007402717780226967,
    0.00007402717780214357,
    0.00007402717780138326,
    0.00005662401873906356,
    0.000056624018738339004,
    0.00005662401873788659,
    0.00003478231304472185,
    0.000034782313044344516,
    0.00003478231304409106,
    0.000017552491236012548,
    0.000017552491235818415,
    0.00001005597862952744,
    0.000010055978629258201,
    0.000010055978629115608,
    4.731701806430393e-6
  ]
}
