{
  "ncoeffs": 218,
  "order": 7,
  "sigma": [
    772.3929162202238,
    65.34306069357086,
    65.34306069357082,
    65.34306069357052,
    13.235071849458519,
    13.235071849458476,
    13.235071849458471,
    9.452737567749661,
    9.452737567749585,
    3.806914367470714,
    2.7987517361404417,
    2.798751736140438,
    2.7987517361404213,
    2.580125349845183,
    2.580125349845158,
    2.580125349845156,
    1.0657414702450163,
    0.9839081577574015,
    0.9839081577573906,
    0.9839081577573898,
    0.706139975499377,
    0.7061399754993762,
    0.7061399754993692,
    0.6760143644943275,
    0.6760143644943224,
    0.31999480917969103,
    0.31999480917967554,
    0.31999480917967393,
    0.30286107102976634,
    0.30286107102976456,
    0.25277024365624345,
    0.25277024365623885,
    0.2527702436562366,
    0.19073178552341719,
    0.19073178552341197,
    0.19073178552340822,
    0.1359738629494588,
    0.13597386294945538,
    0.13597386294945144,
    0.0881293893505198,
    0.08812938935051921,
    0.08812938935051746,
    0.08577030230770327,
    0.07421246370809909,
    0.07421246370809591,
    0.07421246370809491,
    0.06751786062389568,
    0.06639132776264764,
    0.06639132776264588,
    0.0493507340018362,
    0.03572137973667384,
    0.035721379736671575,
    0.03572137973667049,
    0.030772268063259868,
    0.03077226806325752,
    0.03077226806325613,
    0.028081830124134323,
    0.028081830124133705,
    0.026162787915221697,
    0.026162787915214133,
    0.02616278791521256,
    0.02056519071172126,
    0.020565190711720895,
    0.020565190711716856,
    0.018968239538204264,
    0.01896823953820187,
    0.01896823953820023,
    0.01477423713235381,
    0.012096521966439722,
    0.012096521966438132,
    0.009974032031466712,
    0.00997403203146569,
    0.009974032031464969,
    0.008492795063337432,
    0.008492795063334353,
    0.008492795063332318,
    0.008483431061831975,
    0.008483431061829024,
    0.007339878755391748,
    0.007339878755389619,
    0.007339878755388087,
    0.005938911427118801,
    0.005938911427116884,
    0.005938911427116646,
    0.004109204792791498,
    0.004109204792789414,
    0.0038549457193422436,
    0.00345954367582427,
    0.0034595436758224516,
    0.003459543675821302,
    0.003236316414154838,
    0.0032363164141537963,
    0.003236316414153049,
    0.003098326490756174,
    0.0028190289527898916,
    0.0028190289527871846,
    0.0028190289527858163,
    0.002417419235745199,
    0.0024174192357434812,
    0.002417419235742983,
    0.0020752403200012437,
    0.001925539423613407,
    0.0019255394236118563,
    0.0019255394236102296,
    0.0017924331807134479,
    0.0017924331807125276,
    0.0017924331807124992,
    0.0012721696590937128,
    0.0012721696590930298,
    0.0012721696590918567,
    0.0011275688103175245,
    0.0011275688103166235,
    0.0011275688103163158,
    0.00108206857486274,
    0.0010820685748616225,
    0.0010494778749328497,
    0.0008066646437752144,
    0.0008066646437744092,
    0.0008066646437734402,
    0.0007832440116917426,
    0.0007832440116906638,
    0.0007832440116890646,
    0.0006285734403174404,
    0.0006285734403145127,
    0.0006212517707651107,
    0.0006212517707632742,
    0.00048771079204770453,
    0.0004521732062647759,
    0.0004521732062639574,
    0.00045217320626364223,
    0.00041125620504941,
    0.0004112562050493169,
    0.0004112562050474884,
    0.00031574951805717045,
    0.0003157495180565964,
    0.00031082765573791374,
    0.0003108276557375804,
    0.00031082765573700984,
    0.00027258442039086186,
    0.0002725844203890601,
    0.0002725844203887524,
    0.0002634892081544895,
    0.0002634892081540062,
    0.0002634892081532681,
    0.0002310449615120391,
    0.00023104496151017413,
    0.0002310449615096989,
    0.00021885398705951146,
    0.0002188539870586828,
    0.0002188539870584226,
    0.00020379981247387513,
    0.00016921159555929438,
    0.00016921159555828824,
    0.00014636071269730322,
    0.00013407320493242914,
    0.00012878780458410515,
    0.00012878780458375024,
    0.0001287878045835011,
    0.00011214111087526049,
    0.00011214111087456122,
    0.000111575185189523,
    0.00011157518518825782,
    0.0001115751851877132,
    0.00010169948604567336,
    0.00010169948604519943,
    0.00010169948604474126,
    0.00009694625362873213,
    0.00009694625362849711,
    0.00009694625362824238,
    0.00006769031918801026,
    0.00006769031918696794,
    0.00006769031918693152,
    0.00006159601029352332,
    0.00005774681213561983,
    0.000057746812135074976,
    0.0000577468121347334,
    0.000046530678880390336,
    0.00004653067888022995,
    0.000046530678879694075,
    0.00004433256893713335,
    0.000035752972712697335,
    0.00003575297271263227,
    0.00002995102681049789,
    0.00002995102681009951,
    0.000029951026809853527,
    0.0000229385151626448,
    0.00002293851516228196,
    0.000022938515162109446,
    0.00002243647909827765,
    0.000022436479097851835,
    0.000017808048234744693,
    0.000017808048234453472,
    0.000017808048234237635,
    0.00001123664277050426,
    0.000011236642770155876,
    0.000011236642769923232,
    0.000011029161131382177,
    0.000011029161131115634,
    8.270258093253377e-6,
    6.926467696344917e-6,
    6.926467696238644e-6,
    6.926467695953938e-6,
    5.2784253524328124e-6,
    4.131696313322539e-6,
    4.131696313114191e-6,
    4.1316963126343e-6,
    2.8204261843754387e-6,
    2.8204261843231416e-6,
    2.820426184058912e-6,
    1.8925077671070963e-6,
    1.8925077669764322e-6,
    1.8925077668575636e-6,
    8.545882352052881e-7,
    8.545882351200267e-7,
    4.983845656314119e-7,
    4.983845653975912e-7,
    4.983845652480443e-7,
    2.2453153313271615e-7
  ]
}
