{
  "ncoeffs": 296,
  "order": 8,
  "sigma": [
    1048.6845153349655,
    88.35093569661205,
    88.3509356966119,
    88.35093569661177,
    17.75020833680026,
    17.750208336800153,
    17.750208336800107,
    12.780185088940938,
    12.780185088940732,
    5.044927497228398,
    3.742256400742934,
    3.7422564007429084,
    3.742256400742906,
    3.4587824168922143,
    3.4587824168921957,
    3.4587824168921872,
    1.3990712082844434,
    1.2983229601292294,
    1.298322960129226,
    1.298322960129224,
    0.9518874579706019,
    0.9518874579705968,
    0.9518874579705797,
    0.8989995454373286,
    0.898999545437326,
    0.42046438398476876,
    0.4204643839847614,
    0.42046438398474906,
    0.40195950200982994,
    0.4019595020098268,
    0.3323935769284562,
    0.33239357692845073,
    0.33239357692844773,
    0.2562788823756937,
    0.2562788823756865,
    0.25627888237567564,
    0.17602924046821983,
    0.17602924046821897,
    0.17602924046821067,
    0.11596579054477875,
    0.1159657905447763,
    0.11596579054477571,
    0.11093677171840842,
    0.09840563852868757,
    0.09840563852868268,
    0.09840563852868217,
    0.09078880945656184,
    0.09078880945655472,
    0.08534456552425124,
    0.06825918936986151,
    0.047731601970057734,
    0.04773160197005474,
    0.04773160197005167,
    0.040372410337381155,
    0.040372410337377235,
    0.040372410337376416,
    0.037016621954653536,
    0.03701662195465001,
    0.034576012972686726,
    0.03457601297268324,
    0.03457601297268282,
    0.027980680995068202,
    0.027980680995062738,
    0.027980680995060302,
    0.024602574972363997,
    0.02460257497235858,
    0.024602574972354886,
    0.01876405443070275,
    0.01592884529831955,
    0.015928845298317756,
    0.01290199097403882,
    0.012901990974037433,
    0.012901990974037197,
    0.01177006405463477,
    0.011770064054632653,
    0.011770064054632256,
    0.01131094933560762,
    0.011310949335605173,
    0.009448726176857911,
    0.009448726176857178,
    0.009448726176854902,
    0.008540638345396005,
    0.008540638345389952,
    0.00854063834538927,
    0.005844494160964983,
    0.005844494160964171,
    0.004887666389437109,
    0.0047833290374099105,
    0.004783329037405364,
    0.00478332903739899,
    0.004318960086861011,
    0.004318960086860705,
    0.004318960086859389,
    0.003928958099454204,
    0.003834707187991679,
    0.003834707187988569,
    0.0038347071879869647,
    0.0034425376249497142,
    0.0034425376249476096,
    0.003442537624944122,
    0.0030688803499818954,
    0.002624545877173261,
    0.0026245458771712877,
    0.0026245458771677016,
    0.002486703383813881,
    0.0024867033838120514,
    0.002486703383806919,
    0.0016804465960353326,
    0.0016804465960341807,
    0.0016804465960319908,
    0.0015319163689721943,
    0.0015319163689709863,
    0.0015319163689707716,
    0.001476065592059201,
    0.0014760655920577842,
    0.0013532958967781453,
    0.0011498825666726286,
    0.0011498825666719148,
    0.0011498825666709314,
    0.0011003121983649184,
    0.0011003121983646188,
    0.00110031219836156,
    0.0010799345090057293,
    0.0010799345090039157,
    0.0008603639258346192,
    0.0008559987662927492,
    0.0008559987662907912,
    0.0006863265138642471,
    0.0006863265138610333,
    0.0006863265138596827,
    0.0005945382274795954,
    0.0005945382274790453,
    0.0005945382274779628,
    0.0004509874439565882,
    0.00045098744395541293,
    0.00045098744395517565,
    0.0004477114731825326,
    0.00044771147318099634,
    0.00042434042541341564,
    0.00042434042541251055,
    0.00042434042540995595,
    0.0003992169508721467,
    0.000399216950870977,
    0.00039921695086982367,
    0.0003915653802371613,
    0.0003915653802352477,
    0.00039156538023452477,
    0.0003426324358802218,
    0.00034263243587829217,
    0.00034263243587741424,
    0.00028346978307442627,
    0.0002834697830732141,
    0.00026208895623955396,
    0.00021951339136047862,
    0.00020411917241258858,
    0.00020411917241153676,
    0.00020411917240968308,
    0.00017683751666144537,
    0.00017683751666120606,
    0.000176367839662547,
    0.000173981074448105,
    0.00017398107444695606,
    0.00017398107444645928,
    0.00015048281107168314,
    0.00015048281107050193,
    0.00015048281107014249,
    0.00014975580617947225,
    0.0001497558061790052,
    0.00014975580617870214,
    0.00011322363155047191,
    0.00011144712939930694,
    0.00011144712939849136,
    0.00011144712939804383,
    0.00008956038932433765,
    0.00008956038932359705,
    0.00008956038932283474,
    0.00008636332131978355,
    0.00008636332131912196,
    0.00008636332131862955,
    0.00007409490423916245,
    0.00007409490423879224,
    0.0000740949042383984,
    0.00006727386397536627,
    0.00006727386397298021,
    0.0000663069741967573,
    0.000054318012172179406,
    0.00005431801217176195,
    0.00004795107713344788,
    0.00004795107713323607,
    0.000047951077132879235,
    0.000044792034796984115,
    0.00004479203479498224,
    0.0000447920347946761,
    0.00004163695269987838,
    0.00004163695269934748,
    0.00004163695269852999,
    0.00004106525758305879,
    0.000037219826138909124,
    0.000037219826138179104,
    0.000036937317360982785,
    0.00003693731736040788,
    0.00003693731736013647,
    0.00003297552825059726,
    0.00003297552825004434,
    0.000032975528249808,
    0.000029465920728420057,
    0.00002946592072821655,
    0.000029465920727894917,
    0.000025825385507481505,
    0.000025825385506893997,
    0.000025825385506587252,
    0.000019159210416664314,
    0.00001915921041634018,
    0.000019159210415985807,
    0.000018717089826504847,
    0.00001871708982572858,
    0.00001822719836041229,
    0.000018227198360197158,
    0.00001822719835988571,
    0.000017656327291031647,
    0.00001765632729077844,
    0.00001765632729062898,
    0.00001746430329382528,
    0.000014693210036388621,
    0.000014693210036323892,
    0.000014693210036055739,
    0.000013071108772108627,
    0.000013071108771813816,
    0.000013071108771321349,
    0.000012733642992344374,
    0.00001273364299204245,
    0.000011324364553108679,
    8.37121524085108e-6,
    8.371215240568724e-6,
    8.080836524258245e-6,
    7.74726722911414e-6,
    7.747267228775573e-6,
    7.747267228422876e-6,
    6.4807299264184e-6,
    6.480729926021814e-6,
    6.480729925891154e-6,
    6.312976611802447e-6,
    6.312976611499343e-6,
    6.31297661131519e-6,
    5.2558230086926495e-6,
    5.255823008532545e-6,
    5.255823008196846e-6,
    4.099635475705896e-6,
    4.099635475413053e-6,
    4.0996354751866595e-6,
    3.3711347399715084e-6,
    3.371134739712071e-6,
    3.3711347394067746e-6,
    3.081678061233966e-6,
    2.7115901576566765e-6,
    2.616632189049788e-6,
    2.6166321889666043e-6,
    2.6166321888465916e-6,
    1.8653242899550602e-6,
    1.865324289852497e-6,
    1.8653242897425286e-6,
    1.8563434362391798e-6,
    1.856343436089756e-6,
    1.2456170531957304e-6,
    1.2456170529018677e-6,
    1.2087034050151474e-6,
    1.208703404617835e-6,
    1.2087034044419998e-6,
    9.457577461007647e-7,
    9.457577460086036e-7,
    9.457577458941896e-7,
    6.69781741136257e-7,
    6.697817407638164e-7,
    6.69781740724493e-7,
    6.115736609139719e-7,
    6.115736606666828e-7,
    4.200128202423756e-7,
    3.5811864799291716e-7,
    3.581186474872573e-7,
    3.5811864741766363e-7,
    3.1418610707263826e-7,
    2.2277563122944187e-7,
    2.2277563100993386e-7,
    2.2277563079500105e-7,
    1.4735801845119232e-7,
    1.4735801834232005e-7,
    1.4735801802182833e-7,
    9.815936662302459e-8,
    9.815936661197977e-8,
    9.815936644831873e-8,
    4.4914897375957935e-8,
    4.491489713079957e-8,
    2.5651841328423886e-8,
    2.5651841273066084e-8,
    2.565184108886903e-8,
    1.1480331667238588e-8
  ]
}
