{
  "ncoeffs": 386,
  "order": 9,
  "sigma": [
    1367.4824227256088,
    114.89775759372826,
    114.89775759372641,
    114.897757593726,
    22.959103703662887,
    22.959103703662713,
    22.959103703662702,
    16.61838682587306,
    16.61838682587295,
    6.4727110861874,
    4.829968796411992,
    4.829968796411979,
    4.829968796411957,
    4.471611634044619,
    4.471611634044608,
    4.471611634044561,
    1.7829682045986868,
    1.6603981015550597,
    1.660398101555054,
    1.6603981015550415,
    1.2344256780417022,
    1.2344256780416871,
    1.2344256780416685,
    1.1556609707667562,
    1.1556609707667547,
    0.5357198493652797,
    0.5357198493652638,
    0.5357198493652557,
    0.5156098140665588,
    0.5156098140665457,
    0.42379403616077455,
    0.4237940361607707,
    0.4237940361607645,
    0.3314286917962985,
    0.331428691796295,
    0.3314286917962885,
    0.221849082816996,
    0.22184908281698196,
    0.22184908281697793,
    0.14776800994119746,
    0.14776800994119613,
    0.14776800994119416,
    0.139768342207744,
    0.1260077540002594,
    0.12600775400025677,
    0.12600775400025566,
    0.11845508297587518,
    0.1184550829758654,
    0.10567610291495118,
    0.08975186546588622,
    0.06126313765503235,
    0.06126313765502894,
    0.06126313765502598,
    0.051302354195288016,
    0.05130235419528328,
    0.051302354195282465,
    0.04716109556415029,
    0.047161095564149436,
    0.04404523511300218,
    0.0440452351130009,
    0.04404523511299947,
    0.0363469839876037,
    0.036346983987601104,
    0.03634698398759554,
    0.030905607913665367,
    0.030905607913660326,
    0.030905607913656964,
    0.023241855925063094,
    0.02022552100636633,
    0.020225521006362233,
    0.016209217908401175,
    0.016209217908399326,
    0.016209217908398476,
    0.015444380582897073,
    0.015444380582896655,
    0.015444380582896588,
    0.014477024710722734,
    0.014477024710721435,
    0.011786883658106805,
    0.011786883658098856,
    0.011786883658097979,
    0.011396815930516634,
    0.0113968159305152,
    0.011396815930512316,
    0.007724704789133103,
    0.007724704789131903,
    0.006214638906510067,
    0.006214638906506283,
    0.006214638906503748,
    0.006050693290826301,
    0.00553130949693204,
    0.005531309496931046,
    0.005531309496930195,
    0.0049602757950022525,
    0.004960275794999564,
    0.004960275794996998,
    0.004847790892950085,
    0.0045494448981408106,
    0.0045494448981393005,
    0.0045494448981370054,
    0.0041639905201687625,
    0.0033763349058200894,
    0.0033763349058140925,
    0.003376334905811281,
    0.003228399957612701,
    0.0032283999576120403,
    0.003228399957609695,
    0.0021370619336810257,
    0.0021370619336795963,
    0.002137061933678206,
    0.0019538265410286738,
    0.0019538265410264473,
    0.00195382654102526,
    0.001914454427137,
    0.0019144544271358466,
    0.0016716553679082455,
    0.0015508028823049034,
    0.0015508028823038777,
    0.0015508028823026975,
    0.0015379079449588595,
    0.0015379079449547488,
    0.0014114367459111493,
    0.001411436745909818,
    0.0014114367459080487,
    0.001251268928437067,
    0.0011062361318130898,
    0.0011062361318109697,
    0.0009640624053363183,
    0.000964062405330726,
    0.0009640624053297205,
    0.0007487123596383254,
    0.0007487123596379089,
    0.0007487123596366834,
    0.0006287364667921557,
    0.0006287364667913173,
    0.0006287364667851627,
    0.0005897478626682017,
    0.0005897478626668221,
    0.0005540208028265221,
    0.0005540208028258372,
    0.0005540208028236399,
    0.0005459617142075866,
    0.0005459617142063699,
    0.0005459617142055848,
    0.0005441735765660619,
    0.000544173576564053,
    0.0005441735765636943,
    0.00045899076017319175,
    0.0004589907601720291,
    0.0004589907601706127,
    0.0003980746218626813,
    0.0003980746218606951,
    0.0003250184843390159,
    0.0002922306580438906,
    0.0002922306580423018,
    0.00029223065804018445,
    0.00028627548932998864,
    0.0002381649302041529,
    0.00023816493020326288,
    0.00022974208761320845,
    0.00022974208761241402,
    0.00022974208761191705,
    0.00022042864456818688,
    0.00020327174075391625,
    0.0002032717407531686,
    0.00020327174075216773,
    0.00019910637211427936,
    0.00019910637211320497,
    0.00019910637211210456,
    0.0001684877950655963,
    0.00015570765448625696,
    0.00015570765448400748,
    0.00015570765448274338,
    0.00015441486567020706,
    0.00015441486566925624,
    0.00015441486566908656,
    0.00012068248495148749,
    0.00012068248495109074,
    0.00012068248495075353,
    0.00011518569268980593,
    0.00011518569268733158,
    0.00009773852374455804,
    0.00009773852374368669,
    0.00009773852374332805,
    0.00008607367520170607,
    0.00007421073705842499,
    0.00007421073705819719,
    0.0000733209083500359,
    0.000072172222433409,
    0.00007217222243232715,
    0.00007217222243156831,
    0.00006537112931963576,
    0.00006537112931882999,
    0.00006537112931874032,
    0.00006245428803178471,
    0.00006245428803148794,
    0.00006245428803115755,
    0.00006121009498432903,
    0.00006121009498342654,
    0.0000612100949826902,
    0.00005452441969910045,
    0.000054524419697004135,
    0.000054524419696232536,
    0.0000518478069968303,
    0.00005184780699659354,
    0.00004769596893216483,
    0.000047695968929151766,
    0.00004769596892867978,
    0.00003442682674961691,
    0.00003442682674949131,
    0.00003442682674919284,
    0.00003065026174802836,
    0.0000306502617474886,
    0.000030650261747171354,
    0.000030350549005818836,
    0.000030350549005567216,
    0.000030350549005517133,
    0.000026512633667467652,
    0.000026512633667293045,
    0.000026457613390300295,
    0.00002544735666176203,
    0.000025447356661080002,
    0.000025447356660271635,
    0.00002295877914176096,
    0.00002295877914140911,
    0.00002295877914096669,
    0.0000208078117254158,
    0.000020807811724801523,
    0.000020321528164629596,
    0.000020321528164439167,
    0.000020321528164381002,
    0.000014518826803463641,
    0.000014037284788377645,
    0.000014037284788152436,
    0.000013152393577258292,
    0.00001315239357710061,
    0.0000131231389157962,
    0.000013123138914785588,
    0.000013123138914375306,
    0.000011300535077737403,
    0.000010627901568824804,
    0.00001028394716536811,
    0.000010283947165009747,
    0.000010283947164463537,
    9.951845970730468e-6,
    9.951845970491238e-6,
    9.951845970164126e-6,
    8.496370361970397e-6,
    8.496370361102905e-6,
    8.496370360635152e-6,
    7.958520063751115e-6,
    7.958520063389547e-6,
    7.95852006331359e-6,
    6.862179938940537e-6,
    6.862179938837362e-6,
    6.862179938497466e-6,
    6.220793813411901e-6,
    6.220793813274302e-6,
    6.2207938128944564e-6,
    5.854065510745098e-6,
    5.707762250188044e-6,
    5.7077622499844865e-6,
    5.70776224977536e-6,
    5.6430616062252516e-6,
    5.643061606022083e-6,
    5.643061605568119e-6,
    4.949041520128746e-6,
    4.949041519351027e-6,
    4.949041519228619e-6,
    4.664168751452405e-6,
    4.6641687511253626e-6,
    4.155815433493356e-6,
    3.890349144570724e-6,
    3.890349144405196e-6,
    3.890349144360086e-6,
    3.593686619367101e-6,
    3.2397832352324307e-6,
    3.239783234664779e-6,
    3.2397832345602135e-6,
    3.0395675200645236e-6,
    3.0395675195914087e-6,
    3.023563035819557e-6,
    3.023563035616364e-6,
    3.0235630353563277e-6,
    2.8290839749932637e-6,
    2.8290839745865502e-6,
    2.566158537192224e-6,
    2.5661585370382473e-6,
    2.5661585368104183e-6,
    2.461744336837892e-6,
    2.2535287587461386e-6,
    2.253528758267945e-6,
    2.253528758041978e-6,
    2.1556160044415754e-6,
    2.155616004148771e-6,
    2.104674133780423e-6,
    2.1046741336398165e-6,
    2.1046741330619867e-6,
    1.570236489945114e-6,
    1.5702364894297597e-6,
