{
  "ncoeffs": 488,
  "order": 10,
  "sigma": [
    1728.6455078125,
    144.98065185546875,
    144.97689819335938,
    144.97418212890625,
    28.863529205322266,
    28.862333297729492,
    28.861927032470703,
    20.969444274902344,
    20.968463897705078,
    8.090746879577637,
    6.062820911407471,
    6.062623977661133,
    6.062417507171631,
    5.619440078735352,
    5.619152069091797,
    5.619110107421875,
    2.217632532119751,
    2.0705246925354004,
    2.07045578956604,
    2.070390462875366,
    1.554192066192627,
    1.554140567779541,
    1.5540411472320557,
    1.446270227432251,
    1.4462276697158813,
    0.6660435795783997,
    0.665920078754425,
    0.6658005714416504,
    0.6440327763557434,
    0.6440160274505615,
    0.5271738171577454,
    0.5271292924880981,
    0.5270518064498901,
    0.416348934173584,
    0.41632696986198425,
    0.416314959526062,
    0.27358391880989075,
    0.2735461890697479,
    0.273428350687027,
    0.18363043665885925,
    0.18362049758434296,
    0.18360164761543274,
    0.17230717837810516,
    0.15712694823741913,
    0.15711553394794464,
    0.15708552300930023,
    0.14954885840415955,
    0.1495106965303421,
    0.12857604026794434,
    0.1139213815331459,
    0.07642576843500137,
    0.07640847563743591,
    0.07637590169906616,
    0.06364884227514267,
    0.0635855570435524,
    0.06353757530450821,
    0.0585579089820385,
    0.05854770541191101,
    0.05468220263719559,
    0.054641228169202805,
    0.054603710770606995,
    0.045726485550403595,
    0.045722898095846176,
    0.04571492224931717,
    0.037962835282087326,
    0.037931207567453384,
    0.03791416436433792,
    0.02823321707546711,
    0.025033550336956978,
    0.025018589571118355,
    0.01992098055779934,
    0.019912494346499443,
    0.019909437745809555,
    0.01956973224878311,
    0.019542766734957695,
    0.01950438879430294,
    0.018012328073382378,
    0.018005814403295517,
    0.014607230201363564,
    0.014551850967109203,
    0.014523487538099289,
    0.014394388534128666,
    0.01438550278544426,
    0.014377766288816929,
    0.00981660932302475,
    0.009778236970305443,
    0.007819710299372673,
    0.007796573452651501,
    0.007758107967674732,
    0.007349751889705658,
    0.006901802495121956,
    0.006883727852255106,
    0.006880713161081076,
    0.006222853437066078,
    0.006218962371349335,
    0.006209959276020527,
    0.005918181035667658,
    0.005771247670054436,
    0.005763604771345854,
    0.005761416163295507,
    0.005377774126827717,
    0.004372725263237953,
    0.00420446926727891,
    0.004203525371849537,
    0.00409006467089057,
    0.004039477091282606,
    0.004033732693642378,
    0.003421351546421647,
    0.002658287063241005,
    0.002647410612553358,
    0.002622361993417144,
    0.002423612168058753,
    0.0024154463317245245,
    0.0024106563068926334,
    0.002405010163784027,
    0.0023769508115947247,
    0.0020365624222904444,
    0.0020237071439623833,
    0.0020047842990607023,
    0.0019957872573286295,
    0.001994304358959198,
    0.001980344532057643,
    0.0017590458737686276,
    0.0017498802626505494,
    0.0017296834848821163,
    0.0016766012413427234,
    0.0014636944979429245,
    0.0014131787465885282,
    0.0013663879362866282,
    0.0012710023438557982,
    0.0012546575162559748,
    0.0012064491165801883,
    0.0009524404304102063,
    0.0009183671209029853,
    0.000907696143258363,
    0.000897539546713233,
    0.0008253070991486311,
    0.0008150293724611402,
    0.0007793621043674648,
    0.0007481736829504371,
    0.0007447872776538134,
    0.0007330127991735935,
    0.0007255019154399633,
    0.0007215525838546455,
    0.0007072692387737334,
    0.000706620397977531,
    0.0007064980454742908,
    0.0006820867420174181,
    0.0006715665804222226,
    0.0006435622926801443,
    0.0005897973896935582,
    0.0005832307506352663,
    0.0005355902248993516,
    0.0005337934708222747,
    0.0005066163139417768,
    0.0004803627962246537,
    0.00043192828889004886,
    0.0003980756155215204,
    0.00039000375545583665,
    0.0003862750018015504,
    0.0003628215636126697,
    0.000333466479787603,
    0.0003165626840200275,
    0.000311246927594766,
    0.0002924640430137515,
    0.0002918133686762303,
    0.0002865252026822418,
    0.0002776743203867227,
    0.0002756497706286609,
    0.0002674282877705991,
    0.0002626360219437629,
    0.00026100125978700817,
    0.00025347594055347145,
    0.00024539968580938876,
    0.00023699463054072112,
    0.00023063259141054004,
    0.0002298316831002012,
    0.00022695994994137436,
    0.00022255070507526398,
    0.00021800278045702726,
    0.0002080744889099151,
    0.0002037786180153489,
    0.00019866814545821398,
    0.0001954396429937333,
    0.0001788222580216825,
    0.00017120724078267813,
    0.0001672838843660429,
    0.00016464907093904912,
    0.00016095912724267691,
    0.00015471101505681872,
    0.00015136375441215932,
    0.00014498639211524278,
    0.0001428100949851796,
    0.00013514385500457138,
    0.00013175806088838726,
    0.00012592921848408878,
    0.00012534065172076225,
    0.00012188126856926829,
    0.00011867861030623317,
    0.00011534058285178617,
    0.0001114049373427406,
    0.0001091505037038587,
    0.00010660276893759146,
    0.00010432750423206016,
    0.00010210152686340734,
    0.00010166504216613248,
    0.00010058866610052064,
    0.00009668452548794448,
    0.0000945894789765589,
    0.000093609924078919,
    0.00009178555774269626,
    0.0000909304799279198,
    0.00008881247777026147,
    0.00008613977843197063,
    0.00008502648415742442,
    0.00008412219904130325,
    0.00008365644316654652,
    0.00008236701251007617,
    0.00008223941404139623,
    0.0000809872944955714,
    0.00007932466542115435,
    0.00007833501877030358,
    0.00007622890552738681,
    0.00007567746797576547,
    0.00007410958642140031,
    0.00007167326839407906,
    0.00007053583976812661,
    0.00006942093023099005,
    0.00006831744394730777,
    0.00006546540680574253,
    0.00006448863859986886,
    0.00006363553984556347,
    0.00006205407407833263,
    0.00006047751594451256,
    0.00005969286212348379,
    0.00005881778633920476,
    0.00005753345976700075,
    0.00005648839578498155,
    0.000055586951930308715,
    0.000054026666475692764,
    0.000051316452299943194,
    0.0000499299458169844,
    0.00004881077984464355,
    0.00004672983777709305,
    0.00004568171061691828,
    0.00004438364339875989,
    0.000043277872464386746,
    0.00004274349339539185,
    0.000042394323827465996,
    0.000042172439862042665,
    0.00004068429916515015,
    0.00003966709482483566,
    0.000039220689359353855,
    0.00003861228469759226,
    0.00003665447002276778,
    0.00003590732376324013,
    0.00003528603701852262,
    0.000034771961509250104,
    0.000034051379770971835,
    0.00003367187673575245,
    0.000033481981517979875,
    0.00003120969995507039,
    0.00003084277341258712,
    0.000030391347536351532,
    0.000030309343856060877,
    0.000029754881325061433,
    0.000029385504603851587,
    0.000029214730602689087,
    0.000027943358873017132,
    0.000027613221391220577,
    0.000026950325263896957,
    0.000026662504751584493,
    0.000026084082492161542,
    0.000025267065211664885,
    0.000025016657673404552,
    0.00002456449692544993,
    0.000023187511033029296,
    0.000023074639102560468,
    0.00002280465378134977,
    0.000022463085770141333,
    0.00002199983282480389,
    0.000021576281142188236,
    0.00002130710709025152,
    0.000020953119019395672,
    0.000020787831090274267,
    0.000020575072994688526,
    0.00002000772838073317,
    0.000019905657609342597,
    0.000019300701751490124,
    0.00001914009772008285,
    0.00001905875251395628,
    0.000018818707758327946,
    0.00001857492134149652,
    0.000018245713363285176,
    0.000018195643860963173,
    0.000018113223632099107,
    0.00001797527147573419,
    0.00001776896351657342,
