{
  "ncoeffs": 602,
  "order": 11,
  "sigma": [
    2132.330322265625,
    178.6008758544922,
    178.5971221923828,
    178.5953826904297,
    35.46015930175781,
    35.45946502685547,
    35.45857238769531,
    25.829614639282227,
    25.829389572143555,
    9.898398399353027,
    7.4396772384643555,
    7.4395246505737305,
    7.439091205596924,
    6.901287078857422,
    6.901156902313232,
    6.900964260101318,
    2.7031941413879395,
    2.5284154415130615,
    2.5282809734344482,
    2.528247594833374,
    1.911056399345398,
    1.9109830856323242,
    1.9109325408935547,
    1.7706860303878784,
    1.7706376314163208,
    0.8113142251968384,
    0.8112117052078247,
    0.8111075758934021,
    0.787270724773407,
    0.7872467041015625,
    0.6424401998519897,
    0.6423717737197876,
    0.64234459400177,
    0.5110461711883545,
    0.5109922885894775,
    0.510952889919281,
    0.3311876952648163,
    0.3311447501182556,
    0.33106470108032227,
    0.22357042133808136,
    0.2235570102930069,
    0.22354085743427277,
    0.208572119474411,
    0.19173477590084076,
    0.19170615077018738,
    0.19169992208480835,
    0.1841256469488144,
    0.18405185639858246,
    0.15407419204711914,
    0.14081375300884247,
    0.09323286265134811,
    0.09320545196533203,
    0.0931626483798027,
    0.07731673121452332,
    0.07724004983901978,
    0.07721185684204102,
    0.07121935486793518,
    0.07120372354984283,
    0.06645089387893677,
    0.06639830768108368,
    0.06636566668748856,
    0.05613633245229721,
    0.05610652267932892,
    0.05609007179737091,
    0.04575946927070618,
    0.045697830617427826,
    0.04569012299180031,
    0.03379528224468231,
    0.030327051877975464,
    0.030312899500131607,
    0.024120815098285675,
    0.02407013438642025,
    0.024040386080741882,
    0.024020163342356682,
    0.024016741663217545,
    0.024011965841054916,
    0.02191842347383499,
    0.0219124685972929,
    0.01811787858605385,
    0.01802854984998703,
    0.017983803525567055,
    0.01725570484995842,
    0.017245160415768623,
    0.017228303477168083,
    0.012063561007380486,
    0.012041724286973476,
    0.009578151628375053,
    0.009514699690043926,
    0.0094613591209054,
    0.008788153529167175,
    0.008409337140619755,
    0.008383329957723618,
    0.008379475213587284,
    0.007596079725772142,
    0.007588720414787531,
    0.007575017865747213,
    0.007135141175240278,
    0.007081205956637859,
    0.007073784247040749,
    0.006983613595366478,
    0.006704851519316435,
    0.005138827487826347,
    0.005109361372888088,
    0.0050949230790138245,
    0.004963262006640434,
    0.0049170320853590965,
    0.004911266267299652,
    0.0036288208793848753,
    0.0033482033759355545,
    0.0032060747034847736,
    0.0031946436502039433,
    0.0029978016391396523,
    0.0029484289698302746,
    0.0029083937406539917,
    0.002906424691900611,
    0.002875035861507058,
    0.002582377288490534,
    0.002517454558983445,
    0.0024878275580704212,
    0.0024737289641052485,
    0.0024676434695720673,
    0.0024327619466930628,
    0.002156876726076007,
    0.0021494324319064617,
    0.0021165343932807446,
    0.002114370698109269,
    0.0019437609007582068,
    0.0017341087805107236,
    0.0016617777291685343,
    0.001578231924213469,
    0.0015703674871474504,
    0.0015483851311728358,
    0.0014131797943264246,
    0.001105773146264255,
    0.0010961326770484447,
    0.0010935228783637285,
    0.0010304758325219154,
    0.0010197561932727695,
    0.0010050357086583972,
    0.0009481810266152024,
    0.0009165288647636771,
    0.0009147729724645615,
    0.0009115958237089217,
    0.0009100763709284365,
    0.0008853605249896646,
    0.0008832518942654133,
    0.0008745740633457899,
    0.0008426320855505764,
    0.0008128784247674048,
    0.000805034302175045,
    0.0007432298152707517,
    0.0007038267212919891,
    0.0007002949714660645,
    0.000676120922435075,
    0.0006502384785562754,
    0.0006318600499071181,
    0.0005383719690144062,
    0.0005017630173824728,
    0.0004927520058117807,
    0.00048175849951803684,
    0.0004598645609803498,
    0.0004166839353274554,
    0.0004080485668964684,
    0.0003732878540176898,
    0.00036286981776356697,
    0.0003573184658307582,
    0.0003543302300386131,
    0.00034742880961857736,
    0.0003376297827344388,
    0.00032781463232822716,
    0.0003247979620937258,
    0.0003208419366274029,
    0.00031608407152816653,
    0.00030427309684455395,
    0.0003024144971277565,
    0.0002971114299725741,
    0.0002965963794849813,
    0.0002924984146375209,
    0.0002835502091329545,
    0.0002735971938818693,
    0.00026011845329776406,
    0.0002540186687838286,
    0.0002489134785719216,
    0.00024340598611161113,
    0.00024037879484239966,
    0.00022318745322991163,
    0.00021841116540599614,
    0.00021252466831356287,
    0.00020712421974167228,
    0.00019924200023524463,
    0.00019745927420444787,
    0.00018980343884322792,
    0.0001832630077842623,
    0.00017005564586725086,
    0.000169205799465999,
    0.00016237438831012696,
    0.00015996377624105662,
    0.00015618147153872997,
    0.0001515437033958733,
    0.00014594619278796017,
    0.00014337729953695089,
    0.00014145586465019733,
    0.00014085321163292974,
    0.00013379828305914998,
    0.00013261678395792842,
    0.0001294344401685521,
    0.0001255734678125009,
    0.00012352461635600775,
    0.00012208866246510297,
    0.00012048136704834178,
    0.00011909110617125407,
    0.00011697363515850157,
    0.00011598970013437793,
    0.00011288838868495077,
    0.00011158124834764749,
    0.00010983268293784931,
    0.00010743769234977663,
    0.00010656906670192257,
    0.00010503814701223746,
    0.00010402744374005124,
    0.00010279007983626798,
    0.00010177928197663277,
    0.00010074977035401389,
    0.00009894395770970732,
    0.00009859878628049046,
    0.00009729108569445089,
    0.00009513654367765412,
    0.00009184474038193002,
    0.0000896630808711052,
    0.00008936628000810742,
    0.00008662349137011915,
    0.0000838390551507473,
    0.00008301124762510881,
    0.00008272369450423867,
    0.00008117882680380717,
    0.00007868261309340596,
    0.00007567310240119696,
    0.00007430657569784671,
    0.00007275715324794874,
    0.0000711298271198757,
    0.00006984814535826445,
    0.0000678235010127537,
    0.00006645650864811614,
    0.00006633236625930294,
    0.00006349491741275415,
    0.00006144578219391406,
    0.000060629543440882117,
    0.00005933204374741763,
    0.00005819801663164981,
    0.00005585897815763019,
    0.00005481477637658827,
    0.00005393128958530724,
    0.000051990547945024446,
    0.000050785216444637626,
    0.00004998547228751704,
    0.000049245911213802174,
    0.000048331414291169494,
    0.00004462154538487084,
    0.0000438186434621457,
    0.00004273365993867628,
    0.000042460447730263695,
    0.000041669176425784826,
    0.00004093190000276081,
    0.00003965905852965079,
    0.000038464044337160885,
    0.0000381082427338697,
    0.000037992005673004314,
    0.00003740953252417967,
    0.00003672808452392928,
    0.00003663813913590275,
    0.000035633082006825134,
    0.000035318378650117666,
    0.000034387747291475534,
    0.0000340411024808418,
    0.0000323674721585121,
    0.00003109602039330639,
    0.00003076799839618616,
    0.000029908595024608076,
    0.000029005250326008536,
    0.000028627651772694662,
    0.000027278700144961476,
    0.00002693822534638457,
    0.00002660439713508822,
    0.00002601269443402998,
    0.00002549100281612482,
    0.0000252696372626815,
    0.000024881885110517032,
    0.00002431596840324346,
    0.000023911006792332046,
    0.000023777565729687922,
    0.000023549526304122992,
    0.00002325695641047787,
    0.00002304189547430724,
    0.000022498768885270692,
    0.00002200001836172305,
    0.00002178139766328968,
    0.000021647658286383376,
    0.000021482886950252578,
    0.00002136511648132,
