{
  "ncoeffs": 26,
  "order": 3,
  "sigma": [
    92.27806091308594,
    8.673670768737793,
    8.673662185668945,
    8.673645973205566,
    2.087977886199951,
    2.0879738330841064,
    2.0879735946655273,
    1.200197458267212,
    1.2001953125,
    0.7404040694236755,
    0.43535134196281433,
    0.4353502690792084,
    0.4353489577770233,
    0.37433290481567383,
    0.3743321895599365,
    0.37432992458343506,
    0.2253875881433487,
    0.18529187142848969,
    0.18528971076011658,
    0.18528899550437927,
    0.10593673586845398,
    0.105936199426651,
    0.05270644649863243,
    0.05270553380250931,
    0.05270495265722275,
    0.020132344216108322
  ]
}
