{
  "ncoeffs": 56,
  "order": 4,
  "sigma": [
    198.5398712158203,
    17.543682098388672,
    17.54366683959961,
    17.543643951416016,
    3.843688488006592,
    3.8436732292175293,
    3.8436686992645264,
    2.520869016647339,
    2.520862102508545,
    1.2263520956039429,
    0.8238016366958618,
    0.8237969875335693,
    0.823796272277832,
    0.7388895750045776,
    0.7388869524002075,
    0.7388820052146912,
    0.36435720324516296,
    0.3206520676612854,
    0.32065069675445557,
    0.3206450045108795,
    0.2038692981004715,
    0.2038653939962387,
    0.17678387463092804,
    0.17678168416023254,
    0.176779106259346,
    0.10182507336139679,
    0.10182145237922668,
    0.10181957483291626,
    0.0850260928273201,
    0.08502396941184998,
    0.07961127161979675,
    0.07961045950651169,
    0.07960933446884155,
    0.04711746796965599,
    0.04711734130978584,
    0.04711644724011421,
    0.04673369228839874,
    0.046731822192668915,
    0.046731192618608475,
    0.03133828192949295,
    0.027167929336428642,
    0.025693757459521294,
    0.025693004950881004,
    0.025692036375403404,
    0.019572129473090172,
    0.019570408388972282,
    0.01956985518336296,
    0.009353870525956154,
    0.00935347843915224,
    0.009352453052997589,
    0.007352080661803484,
    0.00735178729519248,
    0.0031939996406435966,
    0.003192978911101818,
    0.003192715812474489,
    0.0013712677173316479
  ]
}
