{
  "ncoeffs": 98,
  "order": 5,
  "sigma": [
    347.3003234863281,
    29.93963050842285,
    29.939563751220703,
    29.939489364624023,
    6.28322172164917,
    6.2831902503967285,
    6.283167362213135,
    4.326065540313721,
    4.326055526733398,
    1.8984450101852417,
    1.341550350189209,
    1.3415430784225464,
    1.3415369987487793,
    1.2223466634750366,
    1.222339153289795,
    1.222331166267395,
    0.5492266416549683,
    0.4962543249130249,
    0.496244341135025,
    0.49623924493789673,
    0.3294829726219177,
    0.329477995634079,
    0.3216785788536072,
    0.3216773271560669,
    0.32167574763298035,
    0.16178452968597412,
    0.16178075969219208,
    0.16177543997764587,
    0.14622966945171356,
    0.14622555673122406,
    0.12758111953735352,
    0.12757498025894165,
    0.12757465243339539,
    0.08714111149311066,
    0.08713780343532562,
    0.08713407814502716,
    0.07219752669334412,
    0.07219276577234268,
    0.07219064235687256,
    0.04611172527074814,
    0.043584905564785004,
    0.04358326271176338,
    0.0435800664126873,
    0.038907840847969055,
    0.03529834747314453,
    0.03529765084385872,
    0.03529491648077965,
    0.025758149102330208,
    0.02575612999498844,
    0.01824158802628517,
    0.015405763871967793,
    0.01540342252701521,
    0.015401800163090229,
    0.01516051683574915,
    0.015159029513597488,
    0.015157165005803108,
    0.013484805822372437,
    0.013483529910445213,
    0.011588883586227894,
    0.011586949229240417,
    0.011586535722017288,
    0.009043031372129917,
    0.00904060062021017,
    0.00903890561312437,
    0.008047442883253098,
    0.008046764880418777,
    0.008046023547649384,
    0.007698013912886381,
    0.005441468674689531,
    0.0054400768131017685,
    0.005106890574097633,
    0.005105399992316961,
    0.005104731768369675,
    0.003571106353774667,
    0.003570270026102662,
    0.003523074323311448,
    0.003515827702358365,
    0.0035150519106537104,
    0.002985602244734764,
    0.002985011786222458,
    0.002984705613926053,
    0.002133275382220745,
    0.0015816970262676477,
    0.0013524603564292192,
    0.0013513851445168257,
    0.0013508339179679751,
    0.0011362717486917973,
    0.0011213293764740229,
    0.0011201838497072458,
    0.0007996874628588557,
    0.0005833378527313471,
    0.0005831471644341946,
    0.00038035999750718474,
    0.00037930492544546723,
    0.00029240260482765734,
    0.0001950705045601353,
    0.0001941379887284711,
    0.00013648274762090296
  ]
}
