{
  "ncoeffs": 152,
  "order": 6,
  "sigma": [
    538.5665893554688,
    45.87037658691406,
    45.87020492553711,
    45.86983108520508,
    9.412580490112305,
    9.412514686584473,
    9.412503242492676,
    6.635028839111328,
    6.634974479675293,
    2.758100748062134,
    1.9988133907318115,
    1.998807430267334,
    1.9987974166870117,
    1.8350178003311157,
    1.8349971771240234,
    1.8349781036376953,
    0.782608151435852,
    0.7167707681655884,
    0.716754138469696,
    0.7167476415634155,
    0.4965621531009674,
    0.49655643105506897,
    0.4965440332889557,
    0.48637688159942627,
    0.48637107014656067,
    0.23398557305335999,
    0.23397305607795715,
    0.2339630126953125,
    0.21791550517082214,
    0.2179122120141983,
    0.18467840552330017,
    0.18467159569263458,
    0.18466614186763763,
    0.1345343440771103,
    0.13453063368797302,
    0.13452495634555817,
    0.10150078684091568,
    0.10149283707141876,
    0.10147593170404434,
    0.06418696790933609,
    0.0641055703163147,
    0.06410163640975952,
    0.06410039961338043,
    0.0532841719686985,
    0.05327616631984711,
    0.053269218653440475,
    0.05210860073566437,
    0.044982973486185074,
    0.04496576637029648,
    0.03284229710698128,
    0.025044534355401993,
    0.02504180558025837,
    0.02503947727382183,
    0.022468356415629387,
    0.022465329617261887,
    0.02245597541332245,
    0.020287463441491127,
    0.02028508298099041,
    0.01865754835307598,
    0.01864798367023468,
    0.018644249066710472,
    0.014004667289555073,
    0.014002116397023201,
    0.014000099152326584,
    0.0138955507427454,
    0.013892731629312038,
    0.013886583968997002,
    0.011179464869201183,
    0.008667662739753723,
    0.008660825900733471,
    0.007402106653898954,
    0.007397530134767294,
    0.007392730098217726,
    0.005945890676230192,
    0.0059432038106024265,
    0.005582920741289854,
    0.005577684845775366,
    0.005574764683842659,
    0.0054173837415874004,
    0.005411635152995586,
    0.005407338961958885,
    0.0034801210276782513,
    0.003479866310954094,
    0.0034787259064614773,
    0.0029493998736143112,
    0.002441312884911895,
    0.002437387593090534,
    0.002339094877243042,
    0.002268970012664795,
    0.0022643432021141052,
    0.002261810004711151,
    0.0021864778827875853,
    0.0021850266493856907,
    0.002181791001930833,
    0.001883037155494094,
    0.0018768260488286614,
    0.0018749934388324618,
    0.0014338151086121798,
    0.001433199387975037,
    0.001430371543392539,
    0.0012545813806355,
    0.0012351139448583126,
    0.0012322617694735527,
    0.001157414517365396,
    0.0011072794441133738,
    0.0011051901383325458,
    0.001100807567127049,
    0.0009161927737295628,
    0.0009085698402486742,
    0.0009057588176801801,
    0.00080478610470891,
    0.0007230178453028202,
    0.0007227243040688336,
    0.0007132103783078492,
    0.0007097743218764663,
    0.000708404288161546,
    0.0005925596342422068,
    0.0005136585677973926,
    0.0005109678604640067,
    0.00047095827176235616,
    0.00044348888332024217,
    0.0004417181480675936,
    0.0004071728908456862,
    0.00039005157304927707,
    0.0003665984550025314,
    0.0003189921844750643,
    0.0003180683124810457,
    0.00031244440469890833,
    0.00020234908151905984,
    0.00020144229347351938,
    0.0001916227483889088,
    0.0001900671049952507,
    0.0001863268407760188,
    0.00015187618555501103,
    0.0001502384402556345,
    0.0001491993316449225,
    0.00013676528760697693,
    0.00010002249473473057,
    0.00009518780279904604,
    0.0000846800539875403,
    0.00007932278822408989,
    0.00007103574898792431,
    0.00006443230813601986,
    0.0000616100660408847,
    0.0000506090946146287,
    0.0000467979880340863,
    0.000042544284951873124,
    0.0000355835109075997,
    0.000031440526072401553,
    0.000027448146283859387,
    0.000025915211153915152,
    0.00002206238787039183
  ]
}
