{
  "ncoeffs": 218,
  "order": 7,
  "sigma": [
    772.333984375,
    65.33869934082031,
    65.33848571777344,
    65.3381576538086,
    13.23454475402832,
    13.234395980834961,
    13.23437786102295,
    9.452411651611328,
    9.452302932739258,
    3.8067715167999268,
    2.798719644546509,
    2.798685073852539,
    2.7986643314361572,
    2.580066680908203,
    2.580052375793457,
    2.5800154209136963,
    1.0657086372375488,
    0.9838976860046387,
    0.983881413936615,
    0.9838793277740479,
    0.7061365246772766,
    0.7061228156089783,
    0.7061148881912231,
    0.6760082840919495,
    0.675995945930481,
    0.320000022649765,
    0.31998777389526367,
    0.3199712336063385,
    0.30286088585853577,
    0.3028484582901001,
    0.2527683675289154,
    0.2527644634246826,
    0.2527536451816559,
    0.19073453545570374,
    0.19073034822940826,
    0.19072368741035461,
    0.13596972823143005,
    0.13596753776073456,
    0.13596399128437042,
    0.08813423663377762,
    0.08813009411096573,
    0.08812565356492996,
    0.0857633724808693,
    0.07421207427978516,
    0.0742083415389061,
    0.07420608401298523,
    0.06751798093318939,
    0.06638919562101364,
    0.06638654321432114,
    0.049354638904333115,
    0.03572327643632889,
    0.03571920469403267,
    0.03571471571922302,
    0.030772561207413673,
    0.03077065199613571,
    0.030766433104872704,
    0.028081750497221947,
    0.02807980217039585,
    0.026165205985307693,
    0.02616395801305771,
    0.026157524436712265,
    0.02057093195617199,
    0.02056746929883957,
    0.020563822239637375,
    0.018969252705574036,
    0.018967531621456146,
    0.018962673842906952,
    0.014767208136618137,
    0.012098642997443676,
    0.012096849270164967,
    0.009975931607186794,
    0.009974244982004166,
    0.009970799088478088,
    0.008496367372572422,
    0.008493851870298386,
    0.008489894680678844,
    0.008487457409501076,
    0.008483357727527618,
    0.0073421248234808445,
    0.007338392082601786,
    0.007337262388318777,
    0.005941916257143021,
    0.00594055000692606,
    0.005936401896178722,
    0.0041131265461444855,
    0.00410881545394659,
    0.003855583956465125,
    0.003466015448793769,
    0.003458230523392558,
    0.0034572139848023653,
    0.0032384400255978107,
    0.0032380425836890936,
    0.003234841162338853,
    0.003098787274211645,
    0.002824766794219613,
    0.0028204182162880898,
    0.002818015869706869,
    0.0024227460380643606,
    0.002418183721601963,
    0.0024162076879292727,
    0.002076501725241542,
    0.0019304106244817376,
    0.001927378587424755,
    0.0019265656592324376,
    0.0018000217387452722,
    0.0017948858439922333,
    0.001792516908608377,
    0.0012894987594336271,
    0.0012737500946968794,
    0.001273059519007802,
    0.0011411224259063601,
    0.0011292252456769347,
    0.001127943629398942,
    0.001085064373910427,
    0.0010822189506143332,
    0.001063273404724896,
    0.000961470534093678,
    0.0008076542289927602,
    0.0008072065538726747,
    0.0007953274762257934,
    0.0007858025492168963,
    0.0007847156375646591,
    0.0007746598566882312,
    0.0006315635982900858,
    0.0006307693547569215,
    0.0006227291887626052,
    0.0006120047182776034,
    0.0004794814740307629,
    0.00045759379281662405,
    0.0004548055003397167,
    0.0004531367449089885,
    0.00041267540655098855,
    0.0004114799958188087,
    0.0004062084772158414,
    0.0003190023999195546,
    0.0003164931549690664,
    0.00031396542908623815,
    0.0003123382048215717,
    0.0003062457835767418,
    0.00027811076142825186,
    0.0002741489151958376,
    0.0002718319883570075,
    0.0002662955957930535,
    0.00026528030866757035,
    0.00026388937840238214,
    0.00023434500326402485,
    0.00023365850211121142,
    0.00023126450832933187,
    0.00022491307754535228,
    0.0002204508928116411,
    0.00020900506933685392,
    0.00020564031729009002,
    0.00017772952560335398,
    0.00017113870126195252,
    0.00015505834016948938,
    0.00014758555334992707,
    0.000139148163725622,
    0.00013451528502628207,
    0.00012999563477933407,
    0.00012760305253323168,
    0.00012190271081635728,
    0.00011662975157378241,
    0.00011614346294663846,
    0.00011390486906748265,
    0.00011186613119207323,
    0.0001080743531929329,
    0.00010517111513763666,
    0.0001045503158820793,
    0.00010198640666203573,
    0.00010053003643406555,
    0.00009568722452968359,
    0.00009218534250976518,
    0.0000752686828491278,
    0.00007289590575965121,
    0.00006938021397218108,
    0.0000670291919959709,
    0.00006501297320937738,
    0.00006126824155217037,
    0.00005776262696599588,
    0.00005654701089952141,
    0.000053559353546006605,
    0.0000520360263180919,
    0.00005074157888884656,
    0.00004655295560951345,
    0.00004408645327202976,
    0.00004165550126344897,
    0.000041253042581956834,
    0.00003884499164996669,
    0.000035714612749870867,
    0.00003522700717439875,
    0.000033390129829058424,
    0.00003174481025780551,
    0.00003046845449716784,
    0.00002895073703257367,
    0.000028308382752584293,
    0.000027111418603453785,
    0.000026503095796215348,
    0.00002510154081392102,
    0.000023998660253710113,
    0.000022311189241008833,
    0.00002158787719963584,
    0.000021307474526111037,
    0.000020509436581050977,
    0.000019287277609691955,
    0.000017889067748910747,
    0.000017649612345849164,
    0.000016683221474522725,
    0.00001563376463309396,
    0.000014901087524776813,
    0.000014273021406552289,
    0.000014016548448125832,
    0.000013233348909125198,
    0.000012505573067755904,
    0.000011651707609416917,
    0.00001116202929551946,
    0.000010901368113991339,
    8.971969691629056e-6,
    7.207838280010037e-6
  ]
}
