{
  "ncoeffs": 296,
  "order": 8,
  "sigma": [
    1048.61376953125,
    88.34632873535156,
    88.34537506103516,
    88.3451156616211,
    17.74979019165039,
    17.749736785888672,
    17.749624252319336,
    12.780136108398438,
    12.780070304870605,
    5.044853687286377,
    3.7422773838043213,
    3.7422561645507812,
    3.7422101497650146,
    3.4588913917541504,
    3.458812952041626,
    3.458730697631836,
    1.3990468978881836,
    1.2983334064483643,
    1.2983205318450928,
    1.2983083724975586,
    0.9519690275192261,
    0.9518939852714539,
    0.9518548846244812,
    0.8990249633789062,
    0.8989971280097961,
    0.42051270604133606,
    0.42046859860420227,
    0.4204087257385254,
    0.40197500586509705,
    0.40196430683135986,
    0.3324130177497864,
    0.33239519596099854,
    0.3323860168457031,
    0.25630277395248413,
    0.2562832832336426,
    0.25623655319213867,
    0.17603227496147156,
    0.1760285496711731,
    0.17599035799503326,
    0.11597635596990585,
    0.11596886813640594,
    0.11595986038446426,
    0.11093591153621674,
    0.09841303527355194,
    0.0984068512916565,
    0.09837500751018524,
    0.09080561995506287,
    0.09078262001276016,
    0.08533050864934921,
    0.06826510280370712,
    0.047736216336488724,
    0.04772663488984108,
    0.047715552151203156,
    0.040379926562309265,
    0.04037156328558922,
    0.04036255553364754,
    0.03701985627412796,
    0.03701341897249222,
    0.034580569714307785,
    0.03457651659846306,
    0.03456420823931694,
    0.02798392064869404,
    0.027978844940662384,
    0.02797107957303524,
    0.024607013911008835,
    0.024600442498922348,
    0.024595631286501884,
    0.018741576001048088,
    0.015934236347675323,
    0.01592903956770897,
    0.01290676835924387,
    0.012901654466986656,
    0.012896477244794369,
    0.011773459613323212,
    0.011770161800086498,
    0.011766641400754452,
    0.011317905969917774,
    0.0113133005797863,
    0.009455712512135506,
    0.009450698271393776,
    0.00944406446069479,
    0.008547181263566017,
    0.008543412201106548,
    0.008532178588211536,
    0.005849000997841358,
    0.005843544378876686,
    0.004897578619420528,
    0.004792136140167713,
    0.0047846268862485886,
    0.004747568164020777,
    0.00432817917317152,
    0.004319376777857542,
    0.004316919017583132,
    0.003940055146813393,
    0.0038598342798650265,
    0.003836881136521697,
    0.0038332617841660976,
    0.0034656263887882233,
    0.0034468797966837883,
    0.0034435484558343887,
    0.0030723155941814184,
    0.002676683012396097,
    0.0026234372053295374,
    0.0026050806045532227,
    0.002500755013898015,
    0.0024886210449039936,
    0.0024864717852324247,
    0.0017685617785900831,
    0.0017003144603222609,
    0.0016814068658277392,
    0.0016518543707206845,
    0.00154359161388129,
    0.0015331709291785955,
    0.0014806656399741769,
    0.001476037665270269,
    0.0014246945502236485,
    0.0012663366505876184,
    0.0011555157834663987,
    0.0011526135494932532,
    0.0011251178802922368,
    0.0011084445286542177,
    0.001103726215660572,
    0.0010957911144942045,
    0.0010799565352499485,
    0.0010369307128712535,
    0.0008620173903182149,
    0.0008576914551667869,
    0.0008558696135878563,
    0.0006900332518853247,
    0.000687448657117784,
    0.000683494727127254,
    0.0006008882191963494,
    0.0005975978565402329,
    0.0005870284512639046,
    0.0005138707929290831,
    0.0004573760961648077,
    0.0004530482692644,
    0.0004513079475145787,
    0.0004449816478881985,
    0.0004334723053034395,
    0.00042517753900028765,
    0.00041377177694812417,
    0.00040681296377442777,
    0.00040234276093542576,
    0.0003986937226727605,
    0.00039769287104718387,
    0.00039367994759231806,
    0.000391174282412976,
    0.0003533109847921878,
    0.00035131239565089345,
    0.00034439173759892583,
    0.0003001161676365882,
    0.0002889352908823639,
    0.0002835674677044153,
    0.00027024056180380285,
    0.0002364449028391391,
    0.00022439894382841885,
    0.0002089476038236171,
    0.00020598004630301148,
    0.00020205808687023818,
    0.0001895161985885352,
    0.00018310314044356346,
    0.0001804560306482017,
    0.00017734180437400937,
    0.00017465933342464268,
    0.00016915185551624745,
    0.00016239166143350303,
    0.00015785374853294343,
    0.00015386243467219174,
    0.00015315969358198345,
    0.00014959425607230514,
    0.00014357171312440187,
    0.0001391619589412585,
    0.00012154043361078948,
    0.00011797974002547562,
    0.00011472174810478464,
    0.00011151497164973989,
    0.00010435929289087653,
    0.00010207894956693053,
    0.00009722955292090774,
    0.00009382685675518587,
    0.00009091255196835846,
    0.0000885759072843939,
    0.00008577873086323962,
    0.00008392128074774519,
    0.00008102803985821083,
    0.00007933821325423196,
    0.00007795379497110844,
    0.00007674624066567048,
    0.00007378651207545772,
    0.00007082524825818837,
    0.00006931065581738949,
    0.0000636608965578489,
    0.0000620200953562744,
    0.000060481386753963307,
    0.00005972979124635458,
    0.000058442870795261115,
    0.000055379401601385325,
    0.000053758933063363656,
    0.000052779105317313224,
    0.00005264332867227495,
    0.00005111557402415201,
    0.00005055243309470825,
    0.00004873882426181808,
    0.00004859685941482894,
    0.0000460096744063776,
    0.0000456674606539309,
    0.00004437264578882605,
    0.0000443259887106251,
    0.00004319981235312298,
    0.00004229876140016131,
    0.0000411555047321599,
    0.000040177830669563264,
    0.00003950669997720979,
    0.00003909901715815067,
    0.000037629983125953004,
    0.000036824312701355666,
    0.000036129138607066125,
    0.000034675176721066236,
    0.000034426186175551265,
    0.00003332520282128826,
    0.00003270243905717507,
    0.000031934978323988616,
    0.000031571169529343024,
    0.00003057073263335042,
    0.000030136856366880238,
    0.000029333732527447864,
    0.000027470492568681948,
    0.000027442933060228825,
    0.00002669425157364458,
    0.000025877410735120066,
    0.000025056457161554135,
    0.000024388882593484595,
    0.00002425240927550476,
    0.000023937003788887523,
    0.000023475118723581545,
    0.000023100204998627305,
    0.00002274270991620142,
    0.000021861815184820443,
    0.000021611336705973372,
    0.00002105729618051555,
    0.000020797884644707665,
    0.000020500672690104693,
    0.00001949966826941818,
    0.00001933217208716087,
    0.000018233289665658958,
    0.0000181244031409733,
    0.00001782271829142701,
    0.000017424988982384093,
    0.00001722559863992501,
    0.00001700368920865003,
    0.000016681040506227873,
    0.000016209914974751882,
    0.000015762690964038484,
    0.00001551101013319567,
    0.000014956193808757234,
    0.0000147603168443311,
    0.000014343277143780142,
    0.000014012810424901545,
    0.000013759387002210133,
    0.000013580493032350205,
    0.00001348551541013876,
    0.000013146708624844905,
    0.000012910686564282514,
    0.000012532867913250811,
    0.000012266756129974965,
    0.000012099828381906264,
    0.000011878893928951584,
    0.000011829018149001058,
    0.000011602747690631077,
    0.000011430151971580926,
    0.00001131287899625022,
    0.000011247116162849125,
    0.00001114579845307162,
    0.000010996254786732607,
    0.000010962961823679507,
    0.000010841627954505384,
    0.000010482103789399844,
    0.000010412967640149873,
    0.000010332364581699949,
    0.000010215305337624159,
    0.000010184135135204997,
    9.993387720896862e-6,
    9.942004908225499e-6,
    9.917493116518017e-6,
    9.853624760580715e-6,
    9.748581760504749e-6,
    9.66966399573721e-6,
    9.530206625640858e-6,
    9.365113328385632e-6,
    9.329070962849073e-6,
    8.906024049792904e-6,
    8.601364243077114e-6,
    8.327847353939433e-6,
    6.976880740694469e-6,
    4.487751539272722e-6
  ]
}
