{
  "ncoeffs": 386,
  "order": 9,
  "sigma": [
    1367.3675537109375,
    114.89207458496094,
    114.89087677001953,
    114.89041900634766,
    22.958925247192383,
    22.958812713623047,
    22.95859146118164,
    16.618432998657227,
    16.618379592895508,
    6.472782135009766,
    4.830103397369385,
    4.830061435699463,
    4.830000400543213,
    4.47174596786499,
    4.471687316894531,
    4.471614360809326,
    1.7829445600509644,
    1.6604664325714111,
    1.660449743270874,
    1.6604114770889282,
    1.234531283378601,
    1.2344239950180054,
    1.2344037294387817,
    1.1556904315948486,
    1.1556661128997803,
    0.5357255339622498,
    0.5357077717781067,
    0.5356522798538208,
    0.5156293511390686,
    0.5156044363975525,
    0.4238157868385315,
    0.4237858057022095,
    0.4237808883190155,
    0.33146432042121887,
    0.33143341541290283,
    0.33142977952957153,
    0.2218526154756546,
    0.2218462973833084,
    0.22182253003120422,
    0.14777471125125885,
    0.14777059853076935,
    0.14775632321834564,
    0.13976585865020752,
    0.12602117657661438,
    0.12601235508918762,
    0.12600354850292206,
    0.11844965815544128,
    0.1184447780251503,
    0.105684794485569,
    0.08975949883460999,
    0.06127239391207695,
    0.06125897914171219,
    0.06125381961464882,
    0.0513143464922905,
    0.05130019411444664,
    0.05129634216427803,
    0.04716325178742409,
    0.0471593402326107,
    0.04405456408858299,
    0.04404130205512047,
    0.04403258487582207,
    0.0363563597202301,
    0.03634911775588989,
    0.03634560480713844,
    0.03092142567038536,
    0.030904971063137054,
    0.03089752420783043,
    0.023239741101861,
    0.020229877904057503,
    0.02022429369390011,
    0.01621396094560623,
    0.01621082052588463,
    0.016207698732614517,
    0.015449758619070053,
    0.015442561358213425,
    0.015438750386238098,
    0.014480638317763805,
    0.014477521181106567,
    0.011794647201895714,
    0.011788817122578621,
    0.011787117458879948,
    0.011398211121559143,
    0.01139666698873043,
    0.011392506770789623,
    0.007732533849775791,
    0.007717938162386417,
    0.006227346137166023,
    0.006215584930032492,
    0.006211874075233936,
    0.006052243523299694,
    0.005553973373025656,
    0.005532912444323301,
    0.00553124537691474,
    0.004966555628925562,
    0.004961986560374498,
    0.004959409590810537,
    0.004850659053772688,
    0.004552027676254511,
    0.00455080159008503,
    0.00454857898876071,
    0.0041655078530311584,
    0.00339505891315639,
    0.003391113830730319,
    0.0033760396763682365,
    0.00323617085814476,
    0.003230211790651083,
    0.003226606175303459,
    0.002203273354098201,
    0.0021386463195085526,
    0.0021379811223596334,
    0.0020139047410339117,
    0.001953776692971587,
    0.0019512760918587446,
    0.0019390451489016414,
    0.0019164555706083775,
    0.0017897026846185327,
    0.001677761785686016,
    0.001552557572722435,
    0.00155106361489743,
    0.0015445236349478364,
    0.001540118595585227,
    0.0015050844522193074,
    0.00141595967579633,
    0.0014115270460024476,
    0.0013931670691817999,
    0.0012512868270277977,
    0.0011169620556756854,
    0.0011072041234001517,
    0.0009696961496956646,
    0.0009667845442891121,
    0.0009642745717428625,
    0.0007550971349701285,
    0.0007506876718252897,
    0.0007472655270248652,
    0.0006728629814460874,
    0.0006339559913612902,
    0.0006273496546782553,
    0.0005926685989834368,
    0.0005914179491810501,
    0.0005815630429424345,
    0.0005650622770190239,
    0.0005583810270763934,
    0.0005551311769522727,
    0.0005529453628696501,
    0.0005473214550875127,
    0.0005462203407660127,
    0.0005450556636787951,
    0.0005429734010249376,
    0.0004914181772619486,
    0.0004623318382073194,
    0.000460097478935495,
    0.00043433764949440956,
    0.00039975481922738254,
    0.000385017367079854,
    0.00033444116706959903,
    0.0003286164428573102,
    0.00030607666121795774,
    0.00029706256464123726,
    0.00029410456772893667,
    0.0002801598748192191,
    0.00026997801614925265,
    0.00024557526921853423,
    0.00023787212558090687,
    0.00023602215514983982,
    0.00023423544189427048,
    0.000227432232350111,
    0.00022505897504743189,
    0.00021074237884022295,
    0.0002077165263472125,
    0.00020207940542604774,
    0.0002000574895646423,
    0.00019573986355680972,
    0.00019128590065520257,
    0.00018671195721253753,
    0.0001802712940843776,
    0.00017078223754651845,
    0.0001659432746237144,
    0.00016024716023821384,
    0.00015636239550076425,
    0.00015480371075682342,
    0.00015399734547827393,
    0.00014481344260275364,
    0.0001388553500873968,
    0.0001331651583313942,
    0.00012661675282288343,
    0.00012483987666200846,
    0.00012088122457498685,
    0.00011485670984257013,
    0.00011251262912992388,
    0.00010666109301382676,
    0.00010540997027419508,
    0.0001040570205077529,
    0.00009831920033320785,
    0.00009682383097242564,
    0.00009408254118170589,
    0.00009284196130465716,
    0.00008886395517038181,
    0.0000875177574926056,
    0.00008370984869543463,
    0.00008068287570495158,
    0.00007938637281768024,
    0.0000774409927544184,
    0.00007643866410944611,
    0.00007513123273383826,
    0.00007382600597338751,
    0.00007305591134354472,
    0.00007058511255308986,
    0.00006877231498947367,
    0.00006795809895265847,
    0.00006708649743814021,
    0.00006586697418242693,
    0.00006544234929606318,
    0.00006407320324797183,
    0.00006383550498867407,
    0.00006286584539338946,
    0.00006224464596016333,
    0.00006059531369828619,
    0.000059568155847955495,
    0.00005688718374585733,
    0.00005600620715995319,
    0.00005468586823553778,
    0.000053682368161389604,
    0.00005236034849076532,
    0.00005208521906752139,
    0.00005145455725141801,
    0.00005081074050394818,
    0.000049005950131686404,
    0.00004705636092694476,
    0.00004615186117007397,
    0.00004526589691522531,
    0.00004484369128476828,
    0.000043595940951490775,
    0.00004174599962425418,
    0.0000416158109146636,
    0.00004017890023533255,
    0.00003855256363749504,
    0.00003679471046780236,
    0.00003600113996071741,
    0.000035349537938600406,
    0.000034558357583591715,
    0.000033748110581655055,
    0.000032773383281892166,
    0.00003252921305829659,
    0.000032013213058235124,
    0.000031208681321004406,
    0.00003082253897446208,
    0.00003020575240952894,
    0.000030167109798640013,
    0.000028804794055758975,
    0.000028769303753506392,
    0.000028030188332195394,
    0.000027104924811283126,
    0.000026361731215729378,
    0.00002624243097670842,
    0.00002558597770985216,
    0.00002524180308682844,
    0.000024649845727253705,
    0.000024011133064050227,
    0.000023391661670757458,
    0.000022706106392433867,
    0.0000225375042646192,
    0.00002217741530330386,
    0.000021297179046086967,
    0.000021138508600415662,
    0.000020902925825794227,
    0.000020564637452480383,
    0.00002002165638259612,
    0.000019500610505929217,
    0.000019213950508856215,
    0.000018856952010537498,
    0.00001859540498116985,
    0.000017927155568031594,
    0.000017716465663397685,
    0.00001752805655996781,
    0.0000174361757672159,
    0.0000169515024026623,
    0.000016650576071697287,
    0.000016434421922895126,
    0.000016292000509565696,
    0.000016093863450805657,
    0.000015904639440122992,
    0.00001551912646391429,
    0.000015459370843018405,
    0.000015243298548739403,
    0.000015076297131599858,
    0.000014885003110975958,
    0.000014778398508497048,
    0.000014523824575007893,
    0.000014347740034281742,
    0.000014206341802491806,
    0.000014155527424009051,
    0.000013989228136779275,
    0.000013874539945391007,
    0.000013738120287598576,
    0.00001370491099805804,
    0.00001356136635877192,
    0.000013388246770773549,
